product_id,product,category,price
1,Lenovo 001,Ноутбуки,149400
2,HP 002,Ноутбуки,104200
3,Acer 003,Ноутбуки,160900
4,Lenovo 004,Ноутбуки,139100
5,ASUS 005,Ноутбуки,57700
6,Acer 006,Ноутбуки,176700
7,HP 007,Ноутбуки,147700
8,HP 008,Ноутбуки,151100
9,Acer 009,Ноутбуки,62200
10,MSI 010,Ноутбуки,105800
11,Acer 011,Ноутбуки,95000
12,Lenovo 012,Ноутбуки,170100
13,HP 013,Ноутбуки,131900
14,Acer 014,Ноутбуки,156000
15,Acer 015,Ноутбуки,104800
16,Acer 016,Ноутбуки,75600
17,Lenovo 017,Ноутбуки,119800
18,MSI 018,Ноутбуки,53600
19,MSI 019,Ноутбуки,156700
20,ASUS 020,Ноутбуки,130200
21,Samsung 021,Смартфоны,117300
22,Honor 022,Смартфоны,62800
23,Samsung 023,Смартфоны,146000
24,Apple 024,Смартфоны,135500
25,Honor 025,Смартфоны,120000
26,Honor 026,Смартфоны,41200
27,Xiaomi 027,Смартфоны,78000
28,Apple 028,Смартфоны,20900
29,Apple 029,Смартфоны,35800
30,Honor 030,Смартфоны,107200
31,Realme 031,Смартфоны,115500
32,Xiaomi 032,Смартфоны,145600
33,Apple 033,Смартфоны,58900
34,Realme 034,Смартфоны,65000
35,Samsung 035,Смартфоны,78300
36,Honor 036,Смартфоны,40500
37,Apple 037,Смартфоны,32500
38,Honor 038,Смартфоны,79200
39,Xiaomi 039,Смартфоны,45600
40,Apple 040,Смартфоны,105400
41,Dell 041,Мониторы,46000
42,LG 042,Мониторы,76900
43,Philips 043,Мониторы,66600
44,LG 044,Мониторы,36300
45,Philips 045,Мониторы,76900
46,AOC 046,Мониторы,74700
47,Dell 047,Мониторы,42200
48,Dell 048,Мониторы,34400
49,Samsung 049,Мониторы,65200
50,Philips 050,Мониторы,22900
51,Dell 051,Мониторы,27500
52,Dell 052,Мониторы,12500
53,Philips 053,Мониторы,73300
54,Philips 054,Мониторы,63800
55,AOC 055,Мониторы,67000
56,Samsung 056,Мониторы,72800
57,AOC 057,Мониторы,47700
58,AOC 058,Мониторы,56300
59,LG 059,Мониторы,22900
60,Samsung 060,Мониторы,20900
61,Xiaomi 061,Аксессуары,12200
62,Baseus 062,Аксессуары,8900
63,Defender 063,Аксессуары,10500
64,Logitech 064,Аксессуары,13900
65,Xiaomi 065,Аксессуары,11700
66,Xiaomi 066,Аксессуары,10300
67,Logitech 067,Аксессуары,10400
68,Baseus 068,Аксессуары,6000
69,Baseus 069,Аксессуары,1300
70,Redragon 070,Аксессуары,8300
71,Defender 071,Аксессуары,4400
72,Redragon 072,Аксессуары,7800
73,Defender 073,Аксессуары,15400
74,Logitech 074,Аксессуары,4800
75,Defender 075,Аксессуары,1800
76,Defender 076,Аксессуары,5600
77,Defender 077,Аксессуары,5800
78,Xiaomi 078,Аксессуары,12100
79,Logitech 079,Аксессуары,10300
80,Xiaomi 080,Аксессуары,14200
81,Haier 081,Бытовая техника,47500
82,Tefal 082,Бытовая техника,30200
83,Tefal 083,Бытовая техника,57500
84,Bosch 084,Бытовая техника,14100
85,Bosch 085,Бытовая техника,4500
86,Philips 086,Бытовая техника,9000
87,Kitfort 087,Бытовая техника,51300
88,Kitfort 088,Бытовая техника,33900
89,Kitfort 089,Бытовая техника,13800
90,Haier 090,Бытовая техника,36500
91,Haier 091,Бытовая техника,13200
92,Tefal 092,Бытовая техника,49600
93,Tefal 093,Бытовая техника,32800
94,Philips 094,Бытовая техника,28500
95,Bosch 095,Бытовая техника,23200
96,Kitfort 096,Бытовая техника,45200
97,Kitfort 097,Бытовая техника,27200
98,Haier 098,Бытовая техника,8800
99,Bosch 099,Бытовая техника,10900
100,Bosch 100,Бытовая техника,67400
